,BNN,XGB,Logit,SVC,Ethno (M),Ethno (G)
count,100.0,100.0,100.0,100.0,100.0,100.0
mean,0.7081542369212666,0.63189398167189,0.6752596115426129,0.7345292899665189,0.568678224980039,0.5498818496512647
std,0.23757243379005757,0.2744437162085178,0.2272644263267617,0.19944150774429964,0.2616573127685317,0.21990420025011861
min,0.2445319215482527,0.2256557869375416,0.2597371500928846,0.3633875291028364,0.12279001279489021,0.21228416816395637
25%,0.5324019114328936,0.3169706702275294,0.4558387487807078,0.6144956601730442,0.38672963008094713,0.3553943267441409
50%,0.7368481468661023,0.6702211949741899,0.7129933879375063,0.7292801290434252,0.49581299466429296,0.5599645121537549
75%,0.9296214261211003,0.8988027779296558,0.8987680227659247,0.926351029855774,0.8371703076734612,0.749009023190894
max,0.9800966898229447,0.9496401796946561,0.9818410915694186,0.973418607583519,0.9193135086858787,0.860661820539082
