,num,rate,len
unlabelled,2305.0,0.21844200151630022,10552
upperlim,1638.806509226132,0.15530766766737414,10552
lowerlim,1372.5463626072171,0.1300745226125111,10552
labelled,1.0,0.3333333333333333,3
