,apriori_features,all_features
count,100.0,100.0
mean,0.010158605725959245,0.009741719855209352
std,0.0011799396796856691,0.0012028833317364962
min,0.008131073467251023,0.007381376475371074
25%,0.009240440226598217,0.008779773748999114
50%,0.010048753569808638,0.00973249650654619
75%,0.01106075192450846,0.010542675192054532
max,0.013020858259059045,0.012277480128518195
