,BNN,XGB,Logit,SVC,Ethno (M),Ethno (G)
count,100.0,100.0,100.0,100.0,100.0,100.0
mean,0.5413212672500732,0.49893747316463455,0.5943306629532127,0.5792088662403176,0.14497320509070252,0.3716507877483765
std,0.3216756374196176,0.31291467819491275,0.2920288973243763,0.2991870759871085,0.13227228284696985,0.2510114776095093
min,0.03300416398641894,0.02500679119129855,0.040099017918081487,0.0385589528602017,0.008653759382120695,0.02973932283680888
25%,0.23666370063793538,0.19735545458461812,0.36019217707071804,0.31799248191940443,0.05075661235010304,0.17494597478314006
50%,0.5555869751432827,0.4928520131003039,0.6507935265466187,0.5897318249143897,0.10776137189381686,0.29897955106530893
75%,0.8579257533854376,0.8048184872494857,0.8596840959505112,0.8686909102523814,0.19472124656179124,0.5684642596204812
max,0.9927932344685321,0.9944995282047445,0.9937856680425329,0.992935698365457,0.7163795613463577,0.9191527884898433
