,BNN,XGB,Logit,SVC,Ethno (M),Ethno (G)
count,100.0,100.0,100.0,100.0,100.0,100.0
mean,0.551621144874315,0.5365926570004378,0.6133863129791172,0.6054252801352773,0.21527866663230533,0.3662460347309542
std,0.31264883332172677,0.2921036176595109,0.2710952397666328,0.2811371254801117,0.14185828824091648,0.22678025706494728
min,0.021055399165928818,0.016170121030272676,0.0673498200786184,0.04666936729568511,0.02048811589856148,0.049333343765921335
25%,0.2782909499517009,0.2716239850484114,0.38732816390070623,0.38114366502652175,0.10118872561683157,0.19540320423596208
50%,0.5687214131574,0.5362618699029018,0.650893941759917,0.666950573800174,0.19672514373855685,0.31862968642004463
75%,0.8426860626281856,0.8262805295740994,0.8409914222685702,0.8684448236134338,0.2863338908770546,0.5326320653410905
max,0.9944817940018938,0.9961837843930949,0.9968187982862022,0.9926242920355147,0.6779749455132874,0.9014025925688754
