,BNN,XGB,Logit,SVC,Ethno (M),Ethno (G)
count,100.0,100.0,100.0,100.0,100.0,100.0
mean,0.611032071417657,0.5236594276729738,0.5602906164650546,0.5956675891136227,0.22887764231981916,0.371925600476474
std,0.2959292990686975,0.2951648044268046,0.29417912865008855,0.29212453401631355,0.1566719435348321,0.23438696153134161
min,0.016269574037788,0.013363684798179695,0.037901423541042555,0.026884185213612383,0.022062872047098895,0.037376870433209294
25%,0.3795649092912946,0.2660843200379094,0.2908057642483842,0.3791690097898165,0.10558533809038118,0.16251487879828982
50%,0.6440999002719316,0.5169152251520994,0.5390323032295035,0.633427269357069,0.20222876788055835,0.336916559350902
75%,0.8787945455181299,0.7714263901276018,0.830964710963286,0.8586785611640283,0.30525843407001185,0.5622821576230452
max,0.9930334254791569,0.9949997565177044,0.9943107168979539,0.9939204953760283,0.7078054165687602,0.8842787211080076
