,BNN,XGB,Logit,SVC,Ethno (M),Ethno (G)
count,100.0,100.0,100.0,100.0,100.0,100.0
mean,0.7632121228414575,0.7180376632818424,0.7321521334585802,0.7606599980959773,0.6270876002870445,0.5761262536565981
std,0.20437810118861055,0.23010324513183467,0.20955239757721422,0.20461376103561218,0.2476649932993965,0.27660622099067095
min,0.14567930460475365,0.06385603217479682,0.13455323319063164,0.05337755158546987,0.055556751596493904,0.042944555302348315
25%,0.64580136895406,0.5829793746473456,0.5858148315198779,0.6565902053459988,0.4323997499607934,0.3805149090986262
50%,0.8484031284482205,0.778354262486009,0.7765090584431982,0.7901951066601709,0.660569432344924,0.5980894343683818
75%,0.9306309239749134,0.9155983707296312,0.9192105158304618,0.9270454364988316,0.8390636213482597,0.808109718449128
max,0.9889307117476569,0.9907701717959976,0.9921084271446347,0.9914264264378959,0.9851196576976703,0.9655992360072412
