,BNN,XGB,Logit,SVC,Ethno (M),Ethno (G)
count,100.0,100.0,100.0,100.0,100.0,100.0
mean,0.6002607459067864,0.4779932030960968,0.5399583778428172,0.5686266592960005,0.15669714633697251,0.3735828793920045
std,0.2958525955607793,0.3039712455171901,0.2986607585033138,0.29952078654810493,0.1424892186321793,0.24443049408858147
min,0.024943700860096174,0.016429300303550477,0.01994322219084449,0.02413730810101414,0.009631357429853321,0.023591701309826654
25%,0.3439183354914578,0.2074278562931023,0.2892614911850864,0.30047855027038317,0.05031021217024051,0.16782737507623446
50%,0.635997881162345,0.44125651509959146,0.5382744030171536,0.5925944684272337,0.117809231152321,0.33127049155719435
75%,0.8830810502207024,0.7229731016077701,0.8393815431545381,0.8369960833010177,0.20470965607802705,0.546979821033272
max,0.9918578783840177,0.9934919780958735,0.9950334812473959,0.9944953036900891,0.5972583496636604,0.8952465063802023
