,BNN,XGB,Logit,SVC,Ethno (M),Ethno (G)
count,100.0,100.0,100.0,100.0,100.0,100.0
mean,0.6538034241511224,0.47259443753299457,0.5752172426748416,0.5920911512426995,0.11210485293780689,0.45484092523247227
std,0.29197841156468196,0.3223712287638433,0.32163134435059787,0.3188703284769416,0.12695850543029205,0.3210167980591598
min,0.04831178844509581,0.008697146929873422,0.010306441671193345,0.012439568561116247,0.004966927523762231,0.014610646505075943
25%,0.35993780944791937,0.18333905185446508,0.2806687936199796,0.29021404161009823,0.02700933032728297,0.15247365423059245
50%,0.7302135120336826,0.4259560943529439,0.6000244334463538,0.6101238742658932,0.06865463721032919,0.4277404307859317
75%,0.9287681676261289,0.7662936855407297,0.8977428395588005,0.9190991220617781,0.13108341335488416,0.6942438582294099
max,0.9972669777608072,0.9952007391575516,0.9962404263390957,1.0,0.5883987349431294,1.0
