,Uncorrected,Logit Corrected
Apocynaceae,0.5748031496062992,0.33808844507845937
Loganiaceae,0.2972972972972973,0.09798994974874371
Rubiaceae,0.4067796610169492,0.23517603458925262
All,0.46808510638297873,0.25935110560033064
