,Uncorrected,Logit Corrected
Apocynaceae,0.5748031496062992,0.5053522001831969
Loganiaceae,0.2972972972972973,0.11500971091788996
Rubiaceae,0.4067796610169492,0.3359486305780207
All,0.46808510638297873,0.3636654974935111
