,Uncorrected,Logit Corrected
Apocynaceae,0.5748031496062992,0.4993661293726306
Loganiaceae,0.2972972972972973,0.11415007437784955
Rubiaceae,0.4067796610169492,0.32218250376830126
All,0.46808510638297873,0.3527375609361822
