,Uncorrected,Logit Corrected
Random,0.46808510638297873,0.25935110560033064
Ethno (G),0.5023041474654378,0.3541559112028911
Ethno (M),0.562962962962963,0.44982698961937717
